-- phpMyAdmin SQL Dump
-- version 5.1.1
-- https://www.phpmyadmin.net/
--
-- Host: 127.0.0.1
-- Generation Time: Feb 11, 2022 at 05:28 PM
-- Server version: 10.4.20-MariaDB
-- PHP Version: 8.0.9

SET SQL_MODE = "NO_AUTO_VALUE_ON_ZERO";
START TRANSACTION;
SET time_zone = "+00:00";


/*!40101 SET @OLD_CHARACTER_SET_CLIENT=@@CHARACTER_SET_CLIENT */;
/*!40101 SET @OLD_CHARACTER_SET_RESULTS=@@CHARACTER_SET_RESULTS */;
/*!40101 SET @OLD_COLLATION_CONNECTION=@@COLLATION_CONNECTION */;
/*!40101 SET NAMES utf8mb4 */;

--
-- Database: `towns`
--

-- --------------------------------------------------------

--
-- Table structure for table `producttype`
--

CREATE TABLE `producttype` (
  `productID` int(11) NOT NULL,
  `productName` varchar(255) NOT NULL,
  `imageName` varchar(256) NOT NULL
) ENGINE=InnoDB DEFAULT CHARSET=utf8mb4;

--
-- Dumping data for table `producttype`
--

INSERT INTO `producttype` (`productID`, `productName`, `imageName`) VALUES
(1, 'shoes', 'shoes.png\r\n'),
(2, 'tvs', 'tvs.png\r\n'),
(3, 'napkins', 'napkins.png\r\n'),
(4, 'curtains', 'curtains.png\r\n'),
(5, 'hand sanitiser', 'handSanitiser.png\r\n'),
(6, 'umbrellas', 'umbrellas.png\r\n'),
(7, 'bottles', 'bottles.png\r\n'),
(8, 'toys', 'toys.png\r\n'),
(9, 'exercise books', 'exerciseBooks.png\r\n'),
(10, 'corkscrew', 'corkscrew.png\r\n'),
(11, 'hatpin', 'hatpin.png\r\n'),
(12, 'rolling pin', 'rollingPin.png\r\n'),
(13, 'lawn mower', 'lawnMower.png\r\n'),
(14, 'shears', 'shears.png\r\n'),
(15, 'dustbin', 'dustbin.png\r\n'),
(16, 'ceramic jug', 'ceramicJug.png\r\n'),
(17, 'carrot cake', 'carrotCake.png\r\n'),
(18, 'pancakes', 'pancakes.png');

-- --------------------------------------------------------

--
-- Table structure for table `townmakes`
--

CREATE TABLE `townmakes` (
  `townID` int(11) NOT NULL,
  `productID` int(11) NOT NULL
) ENGINE=InnoDB DEFAULT CHARSET=utf8mb4;

--
-- Dumping data for table `townmakes`
--

INSERT INTO `townmakes` (`townID`, `productID`) VALUES
(1, 16),
(2, 16),
(3, 12),
(160, 12),
(1, 16),
(2, 16),
(3, 12),
(4, 10),
(5, 3),
(6, 17),
(7, 18),
(8, 13),
(9, 12),
(10, 9),
(11, 18),
(12, 12),
(13, 10),
(14, 18),
(15, 2),
(16, 7),
(17, 16),
(18, 16),
(19, 11),
(20, 3),
(21, 6),
(22, 4),
(23, 4),
(24, 13),
(25, 8),
(26, 17),
(27, 16),
(28, 18),
(29, 6),
(30, 6),
(31, 1),
(32, 2),
(33, 7),
(34, 8),
(35, 18),
(36, 14),
(37, 7),
(38, 18),
(39, 15),
(40, 2),
(41, 14),
(42, 18),
(43, 17),
(44, 11),
(45, 4),
(46, 7),
(47, 9),
(48, 8),
(49, 12),
(50, 15),
(51, 13),
(52, 14),
(53, 12),
(54, 8),
(55, 3),
(56, 6),
(57, 7),
(58, 18),
(59, 16),
(60, 1),
(61, 11),
(62, 3),
(63, 7),
(64, 11),
(65, 6),
(66, 5),
(67, 6),
(68, 14),
(69, 12),
(70, 3),
(71, 17),
(72, 8),
(73, 2),
(74, 14),
(75, 5),
(76, 17),
(77, 3),
(78, 12),
(79, 1),
(80, 5),
(81, 18),
(82, 17),
(83, 4),
(84, 5),
(85, 3),
(86, 16),
(87, 11),
(88, 13),
(89, 11),
(90, 4),
(91, 13),
(92, 1),
(93, 11),
(94, 3),
(95, 13),
(96, 6),
(97, 2),
(98, 7),
(99, 5),
(100, 15),
(101, 4),
(102, 14),
(103, 4),
(104, 7),
(105, 12),
(106, 2),
(107, 3),
(108, 8),
(109, 14),
(110, 7),
(111, 15),
(112, 13),
(113, 6),
(114, 11),
(115, 14),
(116, 5),
(117, 5),
(118, 15),
(119, 17),
(120, 15),
(121, 5),
(122, 11),
(123, 6),
(124, 12),
(125, 3),
(126, 3),
(127, 1),
(128, 6),
(129, 3),
(130, 6),
(131, 18),
(132, 16),
(133, 7),
(134, 5),
(135, 8),
(136, 18),
(137, 11),
(138, 14),
(139, 11),
(140, 3),
(141, 2),
(142, 4),
(143, 9),
(144, 4),
(145, 16),
(146, 4),
(147, 17),
(148, 13),
(149, 17),
(150, 16),
(151, 4),
(152, 7),
(153, 6),
(154, 10),
(155, 1),
(156, 13),
(157, 14),
(158, 4),
(159, 2),
(160, 12),
(161, 5),
(162, 12),
(163, 5),
(164, 9),
(165, 4),
(166, 3),
(167, 5),
(168, 11),
(169, 12),
(170, 7),
(171, 12),
(172, 9),
(173, 14),
(174, 3),
(175, 2),
(176, 4),
(177, 6),
(178, 8),
(179, 13),
(180, 11),
(181, 14),
(182, 5),
(183, 11),
(184, 1),
(185, 14),
(186, 12),
(187, 10),
(188, 13),
(189, 6),
(190, 5),
(191, 6),
(192, 7),
(193, 11),
(194, 4),
(195, 12),
(196, 4),
(197, 11),
(198, 10),
(199, 10),
(200, 16),
(201, 12),
(202, 2),
(203, 17),
(204, 18),
(205, 7),
(206, 17),
(207, 12),
(208, 18),
(209, 11),
(210, 16),
(211, 11),
(212, 4),
(213, 12),
(214, 1),
(215, 8),
(216, 15),
(217, 18),
(218, 12),
(219, 16),
(220, 9),
(221, 2),
(222, 4),
(223, 13),
(224, 6),
(225, 8),
(226, 9),
(227, 1),
(228, 9),
(229, 3),
(230, 8),
(231, 1),
(232, 8),
(233, 6),
(234, 6),
(235, 16),
(236, 18),
(237, 9),
(238, 4),
(239, 18),
(240, 12),
(241, 10),
(242, 11),
(243, 12),
(244, 13),
(245, 9),
(246, 15),
(247, 5),
(248, 10),
(249, 8),
(250, 6),
(251, 9),
(252, 5),
(253, 2),
(254, 9),
(255, 11),
(256, 5),
(257, 5),
(258, 13),
(259, 4),
(260, 8),
(261, 11),
(262, 4),
(263, 2),
(264, 1),
(265, 14),
(266, 5),
(267, 5),
(268, 13),
(269, 13),
(270, 17),
(271, 18),
(272, 16),
(273, 15),
(274, 2),
(275, 1),
(276, 3),
(277, 4),
(278, 10),
(279, 3),
(280, 17),
(281, 13),
(282, 3),
(283, 6),
(284, 9),
(285, 3),
(286, 1),
(287, 5),
(288, 4),
(289, 10),
(290, 8),
(291, 15),
(292, 2),
(293, 4),
(294, 11),
(295, 16),
(296, 7),
(297, 8),
(298, 12),
(299, 11),
(300, 11),
(301, 2),
(302, 9),
(303, 15),
(304, 4),
(305, 3),
(306, 9),
(307, 10),
(308, 12),
(309, 12),
(310, 10),
(311, 11),
(312, 8),
(313, 13),
(314, 7),
(315, 12),
(316, 10),
(317, 13),
(318, 13),
(319, 10),
(320, 7),
(321, 14),
(322, 10),
(323, 9),
(324, 3),
(325, 7),
(326, 7),
(327, 6),
(328, 18),
(329, 15),
(330, 1),
(331, 13),
(332, 17),
(333, 18),
(334, 18),
(335, 18),
(336, 12),
(337, 17),
(338, 11),
(339, 13),
(340, 5),
(341, 6),
(342, 12),
(343, 11),
(344, 6),
(345, 13),
(346, 7),
(347, 11),
(348, 9),
(349, 5),
(350, 8),
(351, 13),
(352, 4),
(353, 12),
(354, 12),
(355, 17),
(356, 9),
(357, 9),
(358, 14),
(359, 12),
(360, 18),
(361, 6),
(362, 14),
(363, 2),
(364, 3),
(365, 12),
(366, 18),
(367, 9),
(368, 6),
(369, 4),
(370, 5),
(371, 1),
(372, 17),
(373, 13),
(374, 15),
(375, 3),
(376, 12),
(377, 11),
(378, 17),
(379, 17),
(380, 11),
(381, 7),
(382, 11),
(383, 11),
(384, 10),
(385, 11),
(386, 10),
(387, 15),
(388, 17),
(389, 16),
(390, 17),
(391, 6),
(392, 9),
(393, 5),
(394, 18),
(395, 6),
(396, 18),
(397, 16),
(398, 7),
(399, 7),
(400, 16),
(401, 2),
(402, 5),
(403, 12),
(404, 9),
(405, 13),
(406, 15),
(407, 4),
(408, 13),
(409, 3),
(410, 15),
(411, 13),
(412, 17),
(413, 16),
(414, 10),
(415, 14),
(416, 12),
(417, 14),
(418, 15),
(419, 14),
(420, 2),
(421, 4),
(422, 7),
(423, 2),
(424, 10),
(425, 17),
(426, 4),
(427, 14),
(428, 9),
(429, 18),
(430, 2),
(431, 14),
(432, 6),
(433, 9),
(434, 16),
(435, 13),
(436, 6),
(437, 18),
(438, 7),
(439, 6),
(440, 3),
(441, 9),
(442, 10),
(443, 13),
(444, 15),
(445, 7),
(446, 10),
(447, 18),
(448, 13),
(449, 7),
(450, 8),
(451, 11),
(452, 8),
(453, 6),
(454, 15),
(455, 5),
(456, 12),
(457, 13),
(458, 15),
(459, 10),
(460, 6),
(461, 1),
(462, 16),
(463, 8),
(464, 18),
(465, 7),
(466, 13),
(467, 15),
(468, 9),
(469, 14),
(470, 12),
(471, 12),
(472, 11),
(473, 6),
(474, 18),
(475, 17),
(476, 2),
(477, 12),
(478, 6),
(479, 10),
(480, 1),
(481, 1),
(482, 15),
(483, 16),
(484, 7),
(485, 12),
(486, 9),
(487, 14),
(488, 10),
(489, 17),
(490, 7),
(491, 4),
(492, 16),
(493, 14),
(494, 9),
(495, 9),
(496, 18),
(497, 3),
(498, 1),
(499, 10),
(500, 8),
(501, 5),
(502, 13),
(503, 5),
(504, 12),
(505, 4),
(506, 4),
(507, 3),
(508, 15),
(509, 13),
(510, 7),
(511, 18),
(512, 17),
(513, 10),
(514, 10),
(515, 17),
(516, 12),
(517, 9),
(518, 7),
(519, 11),
(520, 7),
(521, 12),
(522, 11),
(523, 3),
(524, 14),
(525, 3),
(526, 12),
(527, 3),
(528, 5),
(529, 4),
(530, 18),
(531, 14),
(532, 7),
(533, 7),
(534, 5),
(535, 15),
(536, 3),
(537, 9),
(538, 13),
(539, 10),
(540, 9),
(541, 3),
(542, 3),
(543, 8),
(544, 9),
(545, 4),
(546, 14),
(547, 16),
(548, 6),
(549, 6),
(550, 4),
(551, 6),
(552, 13),
(553, 8),
(554, 6),
(555, 1),
(556, 5),
(557, 14),
(558, 13),
(559, 13),
(560, 10),
(561, 17),
(562, 5),
(563, 15),
(564, 11),
(565, 6),
(566, 11),
(567, 2),
(568, 8),
(569, 2),
(570, 18),
(571, 14),
(572, 7),
(573, 4),
(574, 11),
(575, 15),
(576, 6),
(577, 16),
(578, 10),
(579, 1),
(580, 5),
(581, 14),
(582, 8),
(583, 16),
(584, 15),
(585, 18),
(586, 9),
(587, 9),
(588, 14),
(589, 6),
(590, 15),
(591, 5),
(592, 14),
(593, 11),
(594, 2),
(595, 18),
(596, 17),
(597, 14),
(598, 8),
(599, 8),
(600, 16),
(601, 8),
(602, 2),
(603, 3),
(604, 17),
(605, 4),
(606, 16),
(607, 15),
(608, 9),
(609, 1),
(610, 11),
(611, 1),
(612, 9),
(613, 5),
(614, 5),
(615, 7),
(616, 5),
(617, 12),
(618, 5),
(619, 16),
(620, 13),
(621, 10),
(622, 16),
(623, 12),
(624, 16),
(625, 5),
(626, 6),
(627, 2),
(628, 10),
(629, 2),
(630, 11),
(631, 12),
(632, 6),
(633, 15),
(634, 6),
(635, 5),
(636, 7),
(637, 1),
(638, 2),
(639, 4),
(640, 6),
(641, 11),
(642, 5),
(643, 13),
(644, 6),
(645, 12),
(646, 4),
(647, 17),
(648, 7),
(649, 9),
(650, 14),
(651, 3),
(652, 15),
(653, 13),
(654, 12),
(655, 16),
(656, 6),
(657, 5),
(658, 8),
(659, 18),
(660, 16),
(661, 14),
(662, 9),
(663, 12),
(664, 2),
(665, 10),
(666, 5),
(667, 7),
(668, 4),
(669, 1),
(670, 12),
(671, 7),
(672, 12),
(673, 3),
(674, 4),
(675, 15),
(676, 14),
(677, 3),
(678, 17),
(679, 8),
(680, 15),
(681, 14),
(682, 16),
(683, 8),
(684, 5),
(685, 10),
(686, 3),
(687, 8),
(688, 5),
(689, 16),
(690, 13),
(691, 14),
(692, 8),
(693, 8),
(694, 1),
(695, 7),
(696, 13),
(697, 2),
(698, 1),
(699, 6),
(700, 7),
(701, 14),
(702, 10),
(703, 17),
(704, 13),
(705, 6),
(706, 13),
(707, 12),
(708, 12),
(709, 6),
(710, 18),
(711, 16),
(712, 13),
(713, 5),
(714, 9),
(715, 17),
(716, 11),
(717, 14),
(718, 16),
(719, 8),
(720, 14),
(721, 11),
(722, 13),
(723, 9),
(724, 1),
(725, 5),
(726, 12),
(727, 12),
(728, 18),
(729, 9),
(730, 1),
(731, 8),
(732, 13),
(733, 14),
(734, 3),
(735, 13),
(736, 14),
(737, 15),
(738, 3),
(739, 4),
(740, 5),
(741, 16),
(742, 2),
(743, 11),
(744, 15),
(745, 10),
(746, 7),
(747, 15),
(748, 16),
(749, 17),
(750, 8),
(751, 11),
(752, 18),
(753, 6),
(754, 2),
(755, 9),
(756, 13),
(757, 2),
(758, 9),
(759, 7),
(760, 11),
(761, 8),
(762, 9),
(763, 8),
(764, 15),
(765, 10),
(766, 17),
(767, 18),
(768, 17),
(769, 3),
(770, 11),
(771, 17),
(772, 6),
(773, 12),
(774, 18),
(775, 8),
(776, 12),
(777, 11),
(778, 13),
(779, 4),
(780, 16),
(781, 2),
(782, 14),
(783, 18),
(784, 6),
(785, 11),
(786, 3),
(787, 17),
(788, 14),
(789, 16),
(790, 8),
(791, 16),
(792, 1),
(793, 8),
(794, 6),
(795, 11),
(796, 13),
(797, 17),
(798, 4),
(799, 6),
(800, 2),
(801, 2),
(802, 10),
(803, 14),
(804, 3),
(805, 9),
(806, 18),
(807, 5),
(808, 12),
(809, 14),
(810, 12),
(811, 9),
(812, 17),
(813, 10),
(814, 5),
(815, 3),
(816, 10),
(817, 17),
(818, 11),
(819, 5),
(820, 1),
(821, 16),
(822, 6),
(823, 18),
(824, 12),
(825, 16),
(826, 9),
(827, 17),
(828, 11),
(829, 8),
(830, 1),
(831, 2),
(832, 18),
(833, 1),
(834, 2),
(835, 11),
(836, 8),
(837, 7),
(838, 16),
(839, 9),
(840, 18),
(841, 15),
(842, 16),
(843, 9),
(844, 17),
(845, 10),
(846, 15),
(847, 15),
(848, 13),
(849, 15),
(850, 10),
(851, 13),
(852, 17),
(853, 15),
(854, 17),
(855, 16),
(856, 6),
(857, 16),
(858, 10),
(859, 2),
(860, 10),
(861, 18),
(862, 13),
(863, 5),
(864, 16),
(865, 9),
(866, 10),
(867, 1),
(868, 17),
(869, 3),
(870, 10),
(871, 16),
(872, 7),
(873, 16),
(874, 11),
(875, 16),
(876, 13),
(877, 4),
(878, 8),
(879, 16),
(880, 5),
(881, 12),
(882, 10),
(883, 7),
(884, 16),
(885, 2),
(886, 18),
(887, 18),
(888, 6),
(889, 17),
(890, 7),
(891, 11),
(892, 6),
(893, 16),
(894, 17),
(895, 12),
(896, 8),
(897, 11),
(898, 18),
(899, 9),
(900, 9),
(901, 6),
(902, 17),
(903, 11),
(904, 2),
(905, 4),
(906, 16),
(907, 8),
(908, 3),
(909, 7),
(910, 2),
(911, 1),
(912, 3),
(913, 1),
(914, 7),
(915, 18),
(916, 14),
(917, 14),
(918, 18),
(919, 14),
(920, 11),
(921, 15),
(922, 16),
(923, 9),
(924, 4),
(925, 3),
(926, 14),
(927, 6),
(928, 6),
(929, 7),
(930, 16),
(931, 16),
(932, 18),
(933, 6),
(934, 12),
(935, 16),
(936, 8),
(937, 15),
(938, 16),
(939, 5),
(940, 6),
(941, 5),
(942, 10),
(943, 18),
(944, 17),
(945, 8),
(946, 17),
(947, 6),
(948, 7),
(949, 1),
(950, 1),
(951, 8),
(952, 9),
(953, 9),
(954, 13),
(955, 11),
(956, 14),
(957, 17),
(958, 11),
(959, 2),
(960, 4),
(961, 5),
(962, 14),
(963, 17),
(964, 12),
(965, 16),
(966, 11),
(967, 2),
(968, 9),
(969, 7),
(970, 16),
(971, 1),
(972, 8),
(973, 10),
(974, 9),
(975, 14),
(976, 5);

-- --------------------------------------------------------

--
-- Table structure for table `towntype`
--

CREATE TABLE `towntype` (
  `ID` int(11) NOT NULL,
  `name` varchar(255) NOT NULL,
  `county` varchar(255) NOT NULL,
  `status` varchar(255) NOT NULL
) ENGINE=InnoDB DEFAULT CHARSET=utf8mb4;

--
-- Dumping data for table `towntype`
--

INSERT INTO `towntype` (`ID`, `name`, `county`, `status`) VALUES
(1, 'Abingdon-on-Thames', 'Oxfordshire', 'town council1 '),
(2, 'Accrington', 'Lancashire', 'borough (1878?1974)\r\n'),
(3, 'Acle', 'Norfolk', 'market charter\r\n'),
(4, 'Acton', 'Greater London', 'borough (1921?1965)\r\n'),
(5, 'Adlington', 'Lancashire', 'town council1\r\n'),
(6, 'Alcester', 'Warwickshire', 'town council\r\n'),
(7, 'Aldeburgh', 'Suffolk', 'town council1\r\n'),
(8, 'Aldershot', 'Hampshire', 'borough (1922?1974)\r\n'),
(9, 'Alford', 'Lincolnshire', 'town council1\r\n'),
(10, 'Alfreton', 'Derbyshire', 'town council\r\n'),
(11, 'Alnwick', 'Northumberland', 'town council1\r\n'),
(12, 'Alsager', 'Cheshire', 'town council1\r\n'),
(13, 'Alston', 'Cumbria', 'market charter\r\n'),
(14, 'Alton', 'Hampshire', 'town council1\r\n'),
(15, 'Altrincham', 'Greater Manchester', 'borough (1937?1974)\r\n'),
(16, 'Amble', 'Northumberland', 'town council1\r\n'),
(17, 'Ambleside', 'Cumbria', 'market charter\r\n'),
(18, 'Amersham', 'Buckinghamshire', 'town council\r\n'),
(19, 'Amesbury', 'Wiltshire', 'town council\r\n'),
(20, 'Ampthill', 'Bedfordshire', 'town council1\r\n'),
(21, 'Andover', 'Hampshire', 'borough (1835?1974)\r\n'),
(22, 'Appleby-in-Westmorland', 'Cumbria', 'town council1\r\n'),
(23, 'Arlesey', 'Bedfordshire', 'town council\r\n'),
(24, 'Arundel', 'West Sussex', 'town council1\r\n'),
(25, 'Ashbourne', 'Derbyshire', 'town council1\r\n'),
(26, 'Ashburton', 'Devon', 'town council1\r\n'),
(27, 'Ashby-de-la-Zouch', 'Leicestershire', 'town council1\r\n'),
(28, 'Ashford', 'Kent', 'market charter\r\n'),
(29, 'Ashington', 'Northumberland', 'town council\r\n'),
(30, 'Ashton-under-Lyne', 'Greater Manchester', 'borough (1847?1974)\r\n'),
(31, 'Askern', 'South Yorkshire', 'town council\r\n'),
(32, 'Atherstone', 'Warwickshire', 'town council\r\n'),
(33, 'Attleborough', 'Norfolk', 'town council\r\n'),
(34, 'Axbridge', 'Somerset', 'town council\r\n'),
(35, 'Axminster', 'Devon', 'town council\r\n'),
(36, 'Aylesbury', 'Buckinghamshire', 'town council\r\n'),
(37, 'Aylsham', 'Norfolk', 'town council\r\n'),
(38, 'Town', 'Ceremonial county', 'Status\r\n'),
(39, 'Bacup', 'Lancashire', 'borough (1883?1974)\r\n'),
(40, 'Bakewell', 'Derbyshire', 'town council1\r\n'),
(41, 'Bampton', 'Devon', 'town council\r\n'),
(42, 'Banbury', 'Oxfordshire', 'town council\r\n'),
(43, 'Barking', 'Greater London', 'borough (1931?1965)\r\n'),
(44, 'Barnard Castle', 'Durham', 'town council1\r\n'),
(45, 'Barnes', 'Greater London', 'borough (1932?1965)\r\n'),
(46, 'Barnet', 'Greater London', 'market charter\r\n'),
(47, 'Barnoldswick', 'Lancashire', 'town council\r\n'),
(48, 'Barnsley', 'South Yorkshire', 'borough (1869?1974)\r\n'),
(49, 'Barnstaple', 'Devon', 'town council1\r\n'),
(50, 'Barrow-in-Furness', 'Cumbria', 'borough (1867?1974)\r\n'),
(51, 'Barton-upon-Humber', 'Lincolnshire', 'town council1\r\n'),
(52, 'Basingstoke', 'Hampshire', 'borough (1835?1974)\r\n'),
(53, 'Batley', 'West Yorkshire', 'borough (1868?1974)\r\n'),
(54, 'Battle', 'East Sussex', 'town council\r\n'),
(55, 'Bawtry', 'South Yorkshire', 'town council\r\n'),
(56, 'Beaconsfield', 'Buckinghamshire', 'town council1\r\n'),
(57, 'Beaminster', 'Dorset', 'town council\r\n'),
(58, 'Bebington', 'Merseyside', 'borough (1937?1974)\r\n'),
(59, 'Beccles', 'Suffolk', 'town council1\r\n'),
(60, 'Beckenham', 'Greater London', 'borough (1935?1965)\r\n'),
(61, 'Bedale', 'North Yorkshire', 'town council\r\n'),
(62, 'Bedford', 'Bedfordshire', 'borough (1835?1974)\r\n'),
(63, 'Bedworth', 'Warwickshire', 'market charter\r\n'),
(64, 'Belper', 'Derbyshire', 'town council1\r\n'),
(65, 'Bentham', 'North Yorkshire', 'town council\r\n'),
(66, 'Berkeley', 'Gloucestershire', 'town council\r\n'),
(67, 'Berkhamsted', 'Hertfordshire', 'town council1\r\n'),
(68, 'Berwick-upon-Tweed', 'Northumberland', 'town council\r\n'),
(69, 'Beverley', 'East Riding of Yorkshire', 'town council\r\n'),
(70, 'Bewdley', 'Worcestershire', 'town council1\r\n'),
(71, 'Bexhill-on-Sea', 'East Sussex', 'charter trustees\r\n'),
(72, 'Bexley', 'Greater London', 'borough (1937?1965)\r\n'),
(73, 'Bicester', 'Oxfordshire', 'town council1\r\n'),
(74, 'Biddulph', 'Staffordshire', 'town council1\r\n'),
(75, 'Bideford', 'Devon', 'town council1\r\n'),
(76, 'Biggleswade', 'Bedfordshire', 'town council1\r\n'),
(77, 'Billericay', 'Essex', 'town council\r\n'),
(78, 'Billingham', 'Durham', 'town council\r\n'),
(79, 'Bilston', 'West Midlands', 'borough (1938?1967)\r\n'),
(80, 'Bingham', 'Nottinghamshire', 'town council\r\n'),
(81, 'Bingley', 'West Yorkshire', 'market charter\r\n'),
(82, 'Birchwood', 'Cheshire', 'town council\r\n'),
(83, 'Birkenhead', 'Merseyside', 'borough (1877?1974)\r\n'),
(84, 'Bishop Auckland', 'Durham', 'town council\r\n'),
(85, 'Blackburn', 'Lancashire', 'borough (1851?1974)\r\n'),
(86, 'Blackpool', 'Lancashire', 'borough (1867?1974)\r\n'),
(87, 'Blackrod', 'Greater Manchester', 'town council1\r\n'),
(88, 'Blackwater and Hawley', 'Hampshire', 'town council\r\n'),
(89, 'Blandford Forum', 'Dorset', 'town council1\r\n'),
(90, 'Bletchley and Fenny Stratford', 'Buckinghamshire', 'town council\r\n'),
(91, 'Blyth', 'Northumberland', 'town council\r\n'),
(92, 'Bodmin', 'Cornwall', 'town council1\r\n'),
(93, 'Bognor Regis', 'West Sussex', 'town council\r\n'),
(94, 'Bollington', 'Cheshire', 'town council1\r\n'),
(95, 'Bolsover', 'Derbyshire', 'town council1\r\n'),
(96, 'Bolton', 'Greater Manchester', 'borough (1838?1974)\r\n'),
(97, 'Bootle', 'Merseyside', 'borough (1868?1974)\r\n'),
(98, 'Bordon', 'Hampshire', 'town council\r\n'),
(99, 'Boroughbridge', 'North Yorkshire', 'town council\r\n'),
(100, 'Boston', 'Lincolnshire', 'town council\r\n'),
(101, 'Bottesford', 'Lincolnshire', 'town council\r\n'),
(102, 'Bourne', 'Lincolnshire', 'town council1\r\n'),
(103, 'Bournemouth', 'Dorset', 'borough (1890?1974)\r\n'),
(104, 'Bovey Tracey', 'Devon', 'town council\r\n'),
(105, 'Brackley', 'Northamptonshire', 'town council1\r\n'),
(106, 'Bradford-on-Avon', 'Wiltshire', 'town council1\r\n'),
(107, 'Brading', 'Isle of Wight', 'town council\r\n'),
(108, 'Bradley Stoke', 'Gloucestershire', 'town council\r\n'),
(109, 'Bradninch', 'Devon', 'town council\r\n'),
(110, 'Braintree', 'Essex', 'market charter\r\n'),
(111, 'Brampton', 'Cumbria', 'market charter (1252)\r\n'),
(112, 'Brandon', 'Suffolk', 'town council\r\n'),
(113, 'Braunstone Town', 'Leicestershire', 'town council\r\n'),
(114, 'Brentford', 'Greater London', 'market charter\r\n'),
(115, 'Brentwood', 'Essex', 'market charter\r\n'),
(116, 'Brewood', 'Staffordshire', 'market charter\r\n'),
(117, 'Bridgnorth', 'Shropshire', 'town council\r\n'),
(118, 'Bridgwater', 'Somerset', 'town council\r\n'),
(119, 'Bridlington', 'East Riding of Yorkshire', 'town council\r\n'),
(120, 'Bridport', 'Dorset', 'town council1\r\n'),
(121, 'Brierfield', 'Lancashire', 'town council\r\n'),
(122, 'Brierley', 'South Yorkshire', 'town council\r\n'),
(123, 'Brigg', 'Lincolnshire', 'town council1\r\n'),
(124, 'Brighouse', 'West Yorkshire', 'borough (1893?1974)\r\n'),
(125, 'Brightlingsea', 'Essex', 'town council1\r\n'),
(126, 'Brixham', 'Devon', 'town council\r\n'),
(127, 'Bromborough', 'Merseyside', 'market charter\r\n'),
(128, 'Bromley', 'Greater London', 'borough (1903?1965)\r\n'),
(129, 'Bromsgrove', 'Worcestershire', 'market charter\r\n'),
(130, 'Bromyard', 'Herefordshire', 'town council\r\n'),
(131, 'Broseley', 'Shropshire', 'town council\r\n'),
(132, 'Brough', 'East Riding of Yorkshire', 'town council\r\n'),
(133, 'Broughton', 'Lincolnshire', 'town council\r\n'),
(134, 'Broughton-in-Furness', 'Cumbria', 'market charter\r\n'),
(135, 'Bruton', 'Somerset', 'town council\r\n'),
(136, 'Buckfastleigh', 'Devon', 'town council1\r\n'),
(137, 'Buckingham', 'Buckinghamshire', 'town council1\r\n'),
(138, 'Bude-Stratton', 'Cornwall', 'town council1\r\n'),
(139, 'Budleigh Salterton', 'Devon', 'town council1\r\n'),
(140, 'Bulwell', 'Nottinghamshire', 'market charter\r\n'),
(141, 'Bungay', 'Suffolk', 'town council1\r\n'),
(142, 'Buntingford', 'Hertfordshire', 'town council\r\n'),
(143, 'Burford', 'Oxfordshire', 'town council\r\n'),
(144, 'Burgess Hill', 'West Sussex', 'town council1\r\n'),
(145, 'Burgh-le-Marsh', 'Lincolnshire', 'town council\r\n'),
(146, 'Burnham-on-Crouch', 'Essex', 'town council1\r\n'),
(147, 'Burnham-on-Sea', 'Somerset', 'town council1\r\n'),
(148, 'Burnley', 'Lancashire', 'borough (1861?1974)\r\n'),
(149, 'Burntwood', 'Staffordshire', 'town council\r\n'),
(150, 'Burslem', 'Staffordshire', 'town council\r\n'),
(151, 'Burton Latimer', 'Northamptonshire', 'town council1\r\n'),
(152, 'Burton upon Trent', 'Staffordshire', 'charter trustees (abolished 2003)\r\n'),
(153, 'Bury', 'Greater Manchester', 'borough (1876?1974)\r\n'),
(154, 'Bury St Edmunds', 'Suffolk', 'town council\r\n'),
(155, 'Bushey', 'Hertfordshire', 'market charter\r\n'),
(156, 'Buxton', 'Derbyshire', 'borough (1917?1974)\r\n'),
(157, 'Caistor', 'Lincolnshire', 'town council\r\n'),
(158, 'Callington', 'Cornwall', 'town council\r\n'),
(159, 'Calne', 'Wiltshire', 'town council1\r\n'),
(160, 'Camborne', 'Cornwall', 'town council\r\n'),
(161, 'Camelford', 'Cornwall', 'town council\r\n'),
(162, 'Cannock', 'Staffordshire', 'market charter\r\n'),
(163, 'Canvey Island', 'Essex', 'town council\r\n'),
(164, 'Carnforth', 'Lancashire', 'town council1\r\n'),
(165, 'Carlton Colville', 'Suffolk', 'town council\r\n'),
(166, 'Carshalton', 'Greater London', 'Borough (1915-1965)\r\n'),
(167, 'Carterton', 'Oxfordshire', 'town council\r\n'),
(168, 'Castle Cary', 'Somerset', 'town council\r\n'),
(169, 'Castleford', 'West Yorkshire', 'borough (1955?1974)\r\n'),
(170, 'Chagford', 'Devon', 'stannary charter\r\n'),
(171, 'Chapel-en-le-Frith', 'Derbyshire', 'market charter\r\n'),
(172, 'Chard', 'Somerset', 'town council1\r\n'),
(173, 'Charlbury', 'Oxfordshire', 'town council\r\n'),
(174, 'Chatham', 'Kent', 'borough (1890?1974)\r\n'),
(175, 'Chatteris', 'Cambridgeshire', 'town council1\r\n'),
(176, 'Cheadle', 'Staffordshire', 'town council\r\n'),
(177, 'Cheltenham', 'Gloucestershire', 'borough (1876?1974)\r\n'),
(178, 'Chertsey', 'Surrey', 'market charter\r\n'),
(179, 'Chesham', 'Buckinghamshire', 'town council1\r\n'),
(180, 'Cheshunt', 'Hertfordshire', 'market charter\r\n'),
(181, 'Chesterfield', 'Derbyshire', 'borough (1835?1974)\r\n'),
(182, 'Chester-le-Street', 'Durham', 'market charter\r\n'),
(183, 'Chickerell', 'Dorset', 'town council\r\n'),
(184, 'Chilton', 'County Durham', 'town council\r\n'),
(185, 'Chingford', 'Greater London', 'borough (1938?1965)\r\n'),
(186, 'Chippenham', 'Wiltshire', 'town council\r\n'),
(187, 'Chipping Campden', 'Gloucestershire', 'town council\r\n'),
(188, 'Chipping Norton', 'Oxfordshire', 'town council1\r\n'),
(189, 'Chipping Sodbury', 'Gloucestershire', 'town council\r\n'),
(190, 'Chiswick', 'Greater London', 'borough (with Brentford; 1932?1965)\r\n'),
(191, 'Chorley', 'Lancashire', 'borough (1881?1974)\r\n'),
(192, 'Chorleywood', 'Hertfordshire', 'town council1\r\n'),
(193, 'Christchurch', 'Dorset', 'borough (1886?1974)\r\n'),
(194, 'Chudleigh', 'Devon', 'town council\r\n'),
(195, 'Chulmleigh', 'Devon', 'market charter\r\n'),
(196, 'Church Stretton', 'Shropshire', 'town council\r\n'),
(197, 'Cinderford', 'Gloucestershire', 'town council\r\n'),
(198, 'Cirencester', 'Gloucestershire', 'town council1\r\n'),
(199, 'Clare', 'Suffolk', 'market charter\r\n'),
(200, 'Clay Cross', 'Derbyshire', 'town council1\r\n'),
(201, 'Cleator Moor', 'Cumbria', 'town council\r\n'),
(202, 'Cleckheaton', 'West Yorkshire', 'market charter\r\n'),
(203, 'Cleethorpes', 'Lincolnshire', 'charter trustees\r\n'),
(204, 'Cleobury Mortimer', 'Shropshire', 'market charter\r\n'),
(205, 'Clevedon', 'Somerset', 'town council1\r\n'),
(206, 'Clitheroe', 'Lancashire', 'town council1\r\n'),
(207, 'Clun', 'Shropshire', 'town council\r\n'),
(208, 'Coalville', 'Leicestershire', 'town council\r\n'),
(209, 'Cockermouth', 'Cumbria', 'town council1\r\n'),
(210, 'Coggeshall', 'Essex', 'market charter\r\n'),
(211, 'Colburn', 'North Yorkshire', 'town council\r\n'),
(212, 'Colchester', 'Essex', 'borough (1835?1974)\r\n'),
(213, 'Coleford', 'Gloucestershire', 'town council\r\n'),
(214, 'Coleshill', 'Warwickshire', 'town council\r\n'),
(215, 'Colne', 'Lancashire', 'town council\r\n'),
(216, 'Colyton', 'Devon', 'market charter\r\n'),
(217, 'Congleton', 'Cheshire', 'town council\r\n'),
(218, 'Conisbrough', 'South Yorkshire', 'market charter\r\n'),
(219, 'Corbridge', 'Northumberland', 'market charter\r\n'),
(220, 'Corby', 'Northamptonshire', 'market charter\r\n'),
(221, 'Corringham', 'Essex', 'market charter\r\n'),
(222, 'Corsham', 'Wiltshire', 'town council\r\n'),
(223, 'Cosham', 'Hampshire', 'town council\r\n'),
(224, 'Cotgrave', 'Nottinghamshire', 'town council\r\n'),
(225, 'Cowes', 'Isle of Wight', 'town council\r\n'),
(226, 'Coulsdon', 'Greater London', 'Municipal Borough (with Purley; 1915?1965)\r\n'),
(227, 'Cramlington', 'Northumberland', 'town council\r\n'),
(228, 'Cranbrook', 'Kent', 'market charter\r\n'),
(229, 'Craven Arms', 'Shropshire', 'town council\r\n'),
(230, 'Crawley', 'West Sussex', 'market charter\r\n'),
(231, 'Crediton', 'Devon', 'town council1\r\n'),
(232, 'Crewe', 'Cheshire', 'charter trustees\r\n'),
(233, 'Crewkerne', 'Somerset', 'town council1\r\n'),
(234, 'Cricklade', 'Wiltshire', 'town council\r\n'),
(235, 'Cromer', 'Norfolk', 'town council1\r\n'),
(236, 'Crook', 'County Durham', 'market charter\r\n'),
(237, 'Crosby', 'Merseyside', 'borough (1937?1974)\r\n'),
(238, 'Crowborough', 'East Sussex', 'town council\r\n'),
(239, 'Croydon', 'Greater London', 'borough (1883?1965)\r\n'),
(240, 'Crowland', 'Lincolnshire', 'market charter\r\n'),
(241, 'Crowle', 'Lincolnshire', 'town council\r\n'),
(242, 'Cullompton', 'Devon', 'town council\r\n'),
(243, 'Dagenham', 'Greater London', 'borough (1938?1965)\r\n'),
(244, 'Dalton-in-Furness', 'Cumbria', 'Market Charter[1]\r\n'),
(245, 'Darley Dale', 'Derbyshire', 'town council\r\n'),
(246, 'Darlington', 'Durham', 'borough (1867?1974)\r\n'),
(247, 'Dartford', 'Kent', 'charter trustees (abolished 1977)\r\n'),
(248, 'Dartmouth', 'Devon', 'town council1\r\n'),
(249, 'Darwen', 'Lancashire', 'town council\r\n'),
(250, 'Daventry', 'Northamptonshire', 'town council\r\n'),
(251, 'Dawley', 'Shropshire', 'town council\r\n'),
(252, 'Dawlish', 'Devon', 'town council1\r\n'),
(253, 'Deal', 'Kent', 'town council\r\n'),
(254, 'Denholme', 'West Yorkshire', 'town council\r\n'),
(255, 'Dereham', 'Norfolk', 'town council1\r\n'),
(256, 'Desborough', 'Northamptonshire', 'town council1\r\n'),
(257, 'Devizes', 'Wiltshire', 'town council1\r\n'),
(258, 'Dewsbury', 'West Yorkshire', 'borough (1862?1974)\r\n'),
(259, 'Didcot', 'Oxfordshire', 'town council\r\n'),
(260, 'Diss', 'Norfolk', 'town council1\r\n'),
(261, 'Doncaster', 'South Yorkshire', 'borough (1835?1974)\r\n'),
(262, 'Dorchester', 'Dorset', 'town council1\r\n'),
(263, 'Dorking', 'Surrey', 'market charter\r\n'),
(264, 'Dover', 'Kent', 'town council\r\n'),
(265, 'Dovercourt', 'Essex', 'market charter\r\n'),
(266, 'Downham Market', 'Norfolk', 'town council1\r\n'),
(267, 'Driffield', 'East Riding of Yorkshire', 'town council\r\n'),
(268, 'Droitwich Spa', 'Worcestershire', 'town council1\r\n'),
(269, 'Dronfield', 'Derbyshire', 'town council1\r\n'),
(270, 'Dudley', 'West Midlands', 'borough (1865?1974)\r\n'),
(271, 'Dukinfield', 'Greater Manchester', 'borough (1899?1974)\r\n'),
(272, 'Dulverton', 'Somerset', 'town council\r\n'),
(273, 'Dunstable', 'Bedfordshire', 'town council\r\n'),
(274, 'Dunwich', 'Suffolk', 'market charter\r\n'),
(275, 'Dursley', 'Gloucestershire', 'town council\r\n'),
(276, 'Ealing', 'Greater London', 'borough (1901?1965)\r\n'),
(277, 'Earby', 'Lancashire', 'town council\r\n'),
(278, 'Earl Shilton', 'Leicestershire', 'town council\r\n'),
(279, 'Earley', 'Berkshire', 'town council\r\n'),
(280, 'Easingwold', 'North Yorkshire', 'town council\r\n'),
(281, 'East Cowes', 'Isle of Wight', 'town council\r\n'),
(282, 'East Grinstead', 'West Sussex', 'town council1\r\n'),
(283, 'East Ham', 'Greater London', 'borough (1904?1965)\r\n'),
(284, 'Eastbourne', 'East Sussex', 'borough (1883?1974)\r\n'),
(285, 'Eastleigh', 'Hampshire', 'borough (1936?1974)\r\n'),
(286, 'East Retford', 'Nottinghamshire', 'charter trustees\r\n'),
(287, 'Eastwood', 'Nottinghamshire', 'town council1\r\n'),
(288, 'Eccles', 'Greater Manchester', 'borough (1892?1974)\r\n'),
(289, 'Eccleshall', 'Staffordshire', 'market charter\r\n'),
(290, 'Edenbridge', 'Kent', 'town council\r\n'),
(291, 'Edgware', 'Greater London', 'market charter\r\n'),
(292, 'Edmonton', 'Greater London', 'borough (1937?1965)\r\n'),
(293, 'Egremont', 'Cumbria', 'town council\r\n'),
(294, 'Elland', 'West Yorkshire', 'market charter\r\n'),
(295, 'Ellesmere', 'Shropshire', 'town council\r\n'),
(296, 'Ellesmere Port', 'Cheshire', 'charter trustees\r\n'),
(297, 'Elstree and Borehamwood', 'Hertfordshire', 'town council\r\n'),
(298, 'Emsworth', 'Hampshire', 'market charter\r\n'),
(299, 'Enfield', 'Greater London', 'borough (1955?1965)\r\n'),
(300, 'Epping', 'Essex', 'town council1\r\n'),
(301, 'Epsom and Ewell', 'Surrey', 'borough from 1937[2]\r\n'),
(302, 'Epworth', 'Lincolnshire', 'town council\r\n'),
(303, 'Erith', 'Greater London', 'borough (1937?1965)\r\n'),
(304, 'Eton', 'Berkshire', 'town council1\r\n'),
(305, 'Evesham', 'Worcestershire', 'town council1\r\n'),
(306, 'Exmouth', 'Devon', 'town council\r\n'),
(307, 'Eye', 'Suffolk', 'town council1\r\n'),
(308, 'Fairford', 'Gloucestershire', 'town council\r\n'),
(309, 'Fakenham', 'Norfolk', 'town council\r\n'),
(310, 'Falmouth', 'Cornwall', 'town council1\r\n'),
(311, 'Fareham', 'Hampshire', 'market charter\r\n'),
(312, 'Faringdon', 'Oxfordshire', 'town council\r\n'),
(313, 'Farnborough', 'Hampshire', 'town council\r\n'),
(314, 'Farnham', 'Surrey', 'town council\r\n'),
(315, 'Faversham', 'Kent', 'town council1\r\n'),
(316, 'Fazeley', 'Staffordshire', 'town council\r\n'),
(317, 'Featherstone', 'West Yorkshire', 'town council1\r\n'),
(318, 'Felixstowe', 'Suffolk', 'town council1\r\n'),
(319, 'Ferndown', 'Dorset', 'town council\r\n'),
(320, 'Ferryhill', 'Durham', 'town council\r\n'),
(321, 'Filey', 'North Yorkshire', 'town council1\r\n'),
(322, 'Filton', 'Gloucestershire', 'town council\r\n'),
(323, 'Finchley', 'Greater London', 'borough (1933?1965)\r\n'),
(324, 'Fleet', 'Hampshire', 'town council\r\n'),
(325, 'Fleetwood', 'Lancashire', 'borough (1933?1974)\r\n'),
(326, 'Flitwick', 'Bedfordshire', 'town council\r\n'),
(327, 'Folkestone', 'Kent', 'town council\r\n'),
(328, 'Fordbridge', 'West Midlands', 'town council\r\n'),
(329, 'Fordingbridge', 'Hampshire', 'town council\r\n'),
(330, 'Fordwich', 'Kent', 'town council\r\n'),
(331, 'Fowey', 'Cornwall', 'town council\r\n'),
(332, 'Framlingham', 'Suffolk', 'town council\r\n'),
(333, 'Frinton and Walton', 'Essex', 'town council1\r\n'),
(334, 'Frodsham', 'Cheshire', 'town council\r\n'),
(335, 'Frome', 'Somerset', 'town council1\r\n'),
(336, 'Gainsborough', 'Lincolnshire', 'town council\r\n'),
(337, 'Garstang', 'Lancashire', 'town council\r\n'),
(338, 'Gateshead', 'Tyne and Wear', 'borough (1835?1974)\r\n'),
(339, 'Gillingham', 'Dorset', 'town council\r\n'),
(340, 'Gillingham', 'Kent', 'borough (1903?1974)\r\n'),
(341, 'Glastonbury', 'Somerset', 'town council1\r\n'),
(342, 'Glossop', 'Derbyshire', 'borough (1866?1974)\r\n'),
(343, 'Godalming', 'Surrey', 'town council1\r\n'),
(344, 'Godmanchester', 'Cambridgeshire', 'town council1\r\n'),
(345, 'Goole', 'East Riding of Yorkshire', 'town council\r\n'),
(346, 'Gorleston-on-Sea', 'Norfolk', 'market charter\r\n'),
(347, 'Gosport', 'Hampshire', 'borough (1922?1974)\r\n'),
(348, 'Grange-over-Sands', 'Cumbria', 'town council1\r\n'),
(349, 'Grantham', 'Lincolnshire', 'charter trustees\r\n'),
(350, 'Grassington', 'North Yorkshire', 'market charter\r\n'),
(351, 'Gravesend', 'Kent', 'borough (1835?1974)\r\n'),
(352, 'Grays', 'Essex', 'market charter\r\n'),
(353, 'Great Dunmow', 'Essex', 'town council\r\n'),
(354, 'Great Torrington', 'Devon', 'town council1\r\n'),
(355, 'Great Yarmouth', 'Norfolk', 'borough (1835?1974)\r\n'),
(356, 'Greater Willington', 'Durham', 'town council\r\n'),
(357, 'Grimsby', 'Lincolnshire', 'charter trustees\r\n'),
(358, 'Guildford', 'Surrey', 'borough (1835?1974)\r\n'),
(359, 'Guisborough', 'North Yorkshire', 'town council1\r\n'),
(360, 'Hadleigh', 'Suffolk', 'town council1\r\n'),
(361, 'Hailsham', 'East Sussex', 'town council\r\n'),
(362, 'Halesowen', 'West Midlands', 'borough (1936?1974)\r\n'),
(363, 'Halesworth', 'Suffolk', 'town council1\r\n'),
(364, 'Halewood', 'Merseyside', 'town council\r\n'),
(365, 'Halifax', 'West Yorkshire', 'borough (1848?1974)\r\n'),
(366, 'Halstead', 'Essex', 'town council1\r\n'),
(367, 'Haltwhistle', 'Northumberland', 'town council\r\n'),
(368, 'Redenhall with Harleston', 'Norfolk', 'town council\r\n'),
(369, 'Harlow', 'Essex', 'market charter\r\n'),
(370, 'Harpenden', 'Hertfordshire', 'town council1\r\n'),
(371, 'Harrogate', 'North Yorkshire', 'borough (1884?1974)\r\n'),
(372, 'Harrow', 'Greater London', 'borough (1954?1965)\r\n'),
(373, 'Hartland', 'Devon', 'market charter\r\n'),
(374, 'Hartlepool', 'Durham', 'borough (1850?1974)\r\n'),
(375, 'Harwich', 'Essex', 'town council1\r\n'),
(376, 'Harworth and Bircotes', 'Nottinghamshire', 'town council\r\n'),
(377, 'Haslemere', 'Surrey', 'town council1\r\n'),
(378, 'Haslingden', 'Lancashire', 'borough (1891?1974)\r\n'),
(379, 'Hastings', 'East Sussex', 'borough (1835?1974)\r\n'),
(380, 'Hatfield', 'Hertfordshire', 'town council\r\n'),
(381, 'Hatfield', 'South Yorkshire', 'town council\r\n'),
(382, 'Hatherleigh', 'Devon', 'town council\r\n'),
(383, 'Havant', 'Hampshire', 'market charter\r\n'),
(384, 'Haverhill', 'Suffolk', 'town council\r\n'),
(385, 'Hawkinge', 'Kent', 'town council\r\n'),
(386, 'Haxby', 'North Yorkshire', 'town council\r\n'),
(387, 'Hawes', 'North Yorkshire', 'market charter\r\n'),
(388, 'Hayle', 'Cornwall', 'town council\r\n'),
(389, 'Haywards Heath', 'West Sussex', 'town council\r\n'),
(390, 'Heanor and Loscoe', 'Derbyshire', 'town council\r\n'),
(391, 'Heathfield', 'East Sussex', 'market charter\r\n'),
(392, 'Hebden Royd', 'West Yorkshire', 'town council1\r\n'),
(393, 'Hedge End', 'Hampshire', 'town council\r\n'),
(394, 'Hednesford', 'Staffordshire', 'town council\r\n'),
(395, 'Hedon', 'East Riding of Yorkshire', 'town council1\r\n'),
(396, 'Helmsley', 'North Yorkshire', 'town council\r\n'),
(397, 'Helston', 'Cornwall', 'town council1\r\n'),
(398, 'Hemel Hempstead', 'Hertfordshire', 'charter trustees (abolished 1984)\r\n'),
(399, 'Hemsworth', 'West Yorkshire', 'town council1\r\n'),
(400, 'Hendon', 'Greater London', 'borough (1932?1965)\r\n'),
(401, 'Henley-in-Arden', 'Warwickshire', 'market charter\r\n'),
(402, 'Henley-on-Thames', 'Oxfordshire', 'town council1\r\n'),
(403, 'Hertford', 'Hertfordshire', 'town council1\r\n'),
(404, 'Hessle', 'East Riding of Yorkshire', 'town council\r\n'),
(405, 'Hetton', 'Tyne and Wear', 'town council1\r\n'),
(406, 'Hexham', 'Northumberland', 'town council1\r\n'),
(407, 'Heywood', 'Greater Manchester', 'borough (1881?1974)\r\n'),
(408, 'Higham Ferrers', 'Northamptonshire', 'town council1\r\n'),
(409, 'Highbridge', 'Somerset', 'market charter\r\n'),
(410, 'Highworth', 'Wiltshire', 'town council\r\n'),
(411, 'High Wycombe', 'Buckinghamshire', 'charter trustees\r\n'),
(412, 'Hinckley', 'Leicestershire', 'market charter\r\n'),
(413, 'Hingham', 'Norfolk', 'town council\r\n'),
(414, 'Hitchin', 'Hertfordshire', 'market charter\r\n'),
(415, 'Hoddesdon', 'Hertfordshire', 'market charter\r\n'),
(416, 'Holbeach', 'Lincolnshire', 'market charter\r\n'),
(417, 'Holsworthy', 'Devon', 'town council\r\n'),
(418, 'Holt', 'Norfolk', 'town council\r\n'),
(419, 'Honiton', 'Devon', 'town council1\r\n'),
(420, 'Horley', 'Surrey', 'town council\r\n'),
(421, 'Horncastle', 'Lincolnshire', 'town council1\r\n'),
(422, 'Hornsea', 'East Riding of Yorkshire', 'town council1\r\n'),
(423, 'Hornsey', 'Greater London', 'borough (1903?1965)\r\n'),
(424, 'Horsforth', 'West Yorkshire', 'town council\r\n'),
(425, 'Horsham', 'West Sussex', 'town council\r\n'),
(426, 'Horwich', 'Greater Manchester', 'town council1\r\n'),
(427, 'Houghton Regis', 'Bedfordshire', 'town council\r\n'),
(428, 'Hounslow', 'Greater London', 'Borough\r\n'),
(429, 'Howden', 'East Riding of Yorkshire', 'town council\r\n'),
(430, 'Huddersfield', 'West Yorkshire', 'borough (1868?1974)\r\n'),
(431, 'Hungerford', 'Berkshire', 'town council\r\n'),
(432, 'Hunstanton', 'Norfolk', 'town council1\r\n'),
(433, 'Huntingdon', 'Cambridgeshire', 'town council1\r\n'),
(434, 'Hyde', 'Greater Manchester', 'borough (1881?1974)\r\n'),
(435, 'Hythe', 'Kent', 'town council1\r\n'),
(436, 'Ilford', 'Greater London', 'borough (1926?1965)\r\n'),
(437, 'Ilfracombe', 'Devon', 'town council1\r\n'),
(438, 'Ilkeston', 'Derbyshire', 'charter trustees (abolished 1975)\r\n'),
(439, 'Ilkley', 'West Yorkshire', 'town council1\r\n'),
(440, 'Ilminster', 'Somerset', 'town council1\r\n'),
(441, 'Immingham', 'Lincolnshire', 'town council\r\n'),
(442, 'Ingleby Barwick', 'North Yorkshire', 'town council\r\n'),
(443, 'Ipswich', 'Suffolk', 'borough (1835?1974)\r\n'),
(444, 'Irthlingborough', 'Northamptonshire', 'town council1\r\n'),
(445, 'Isleworth', 'Greater London', 'borough (with Heston; 1932?1965)\r\n'),
(446, 'Ivybridge', 'Devon', 'town council\r\n'),
(447, 'Jarrow', 'Tyne and Wear', 'borough (1875?1974)\r\n'),
(448, 'Keighley', 'West Yorkshire', 'town council\r\n'),
(449, 'Kempston', 'Bedfordshire', 'town council1\r\n'),
(450, 'Kendal', 'Cumbria', 'town council1\r\n'),
(451, 'Kenilworth', 'Warwickshire', 'town council1\r\n'),
(452, 'Kesgrave', 'Suffolk', 'town council\r\n'),
(453, 'Keswick', 'Cumbria', 'town council1\r\n'),
(454, 'Kettering', 'Northamptonshire', 'borough (1938?1974)\r\n'),
(455, 'Keynsham', 'Somerset', 'town council\r\n'),
(456, 'Kidderminster', 'Worcestershire', 'charter trustees\r\n'),
(457, 'Kidsgrove', 'Staffordshire', 'town council1\r\n'),
(458, 'Kimberley', 'Nottinghamshire', 'town council\r\n'),
(459, 'Kingsbridge', 'Devon', 'town council1\r\n'),
(460, 'Kingsteignton', 'Devon', 'town council\r\n'),
(461, 'Kingston-upon-Thames', 'Greater London', 'borough (1835?1965)\r\n'),
(462, 'Kington', 'Herefordshire', 'town council1\r\n'),
(463, 'Kirkby-in-Ashfield', 'Nottinghamshire', 'market charter\r\n'),
(464, 'Kirkby Lonsdale', 'Cumbria', 'town council\r\n'),
(465, 'Kirkby Stephen', 'Cumbria', 'town council\r\n'),
(466, 'Kirkbymoorside', 'North Yorkshire', 'town council\r\n'),
(467, 'Kirkham', 'Lancashire', 'town council1\r\n'),
(468, 'Kirton-in-Lindsey', 'Lincolnshire', 'town council\r\n'),
(469, 'Knaresborough', 'North Yorkshire', 'town council1\r\n'),
(470, 'Knutsford', 'Cheshire', 'town council1\r\n'),
(471, 'Langport', 'Somerset', 'town council\r\n'),
(472, 'Launceston', 'Cornwall', 'town council1\r\n'),
(473, 'Leatherhead', 'Surrey', 'market charter\r\n'),
(474, 'Lechlade', 'Gloucestershire', 'town council\r\n'),
(475, 'Ledbury', 'Herefordshire', 'town council\r\n'),
(476, 'Leek', 'Staffordshire', 'town council1\r\n'),
(477, 'Leigh', 'Greater Manchester', 'borough (1899?1974)\r\n'),
(478, 'Leighton-Linslade', 'Bedfordshire', 'town council1\r\n'),
(479, 'Leigh-on-Sea', 'Essex', 'town council\r\n'),
(480, 'Leiston', 'Suffolk', 'town council1\r\n'),
(481, 'Leominster', 'Herefordshire', 'town council1\r\n'),
(482, 'Letchworth Garden City', 'Hertfordshire', 'town council\r\n'),
(483, 'Lewes', 'East Sussex', 'town council1\r\n'),
(484, 'Leyburn', 'North Yorkshire', 'town council\r\n'),
(485, 'Leyland', 'Lancashire', 'town council\r\n'),
(486, 'Leyton', 'Greater London', 'borough (1926?1965)\r\n'),
(487, 'Liskeard', 'Cornwall', 'town council1\r\n'),
(488, 'Littlehampton', 'West Sussex', 'town council1\r\n'),
(489, 'Loddon', 'Norfolk', 'market charter\r\n'),
(490, 'Loftus', 'North Yorkshire', 'town council1\r\n'),
(491, 'Long Sutton', 'Lincolnshire', 'market charter\r\n'),
(492, 'Longridge', 'Lancashire', 'town council1\r\n'),
(493, 'Longtown', 'Cumbria', 'market charter\r\n'),
(494, 'Looe', 'Cornwall', 'town council1\r\n'),
(495, 'Lostwithiel', 'Cornwall', 'town council\r\n'),
(496, 'Loughborough', 'Leicestershire', 'borough (1888?1974)\r\n'),
(497, 'Loughton', 'Essex', 'town council\r\n'),
(498, 'Louth', 'Lincolnshire', 'town council1\r\n'),
(499, 'Lowestoft', 'Suffolk', 'charter trustees\r\n'),
(500, 'Ludgershall', 'Wiltshire', 'town council\r\n'),
(501, 'Ludlow', 'Shropshire', 'town council\r\n'),
(502, 'Luton', 'Bedfordshire', 'borough (1876?1974)\r\n'),
(503, 'Lutterworth', 'Leicestershire', 'town council\r\n'),
(504, 'Lydd', 'Kent', 'town council1\r\n'),
(505, 'Lydney', 'Gloucestershire', 'town council\r\n'),
(506, 'Lyme Regis', 'Dorset', 'town council1\r\n'),
(507, 'Lymington', 'Hampshire', 'town council\r\n'),
(508, 'Lynton & Lynmouth', 'Devon', 'town council1\r\n'),
(509, 'Lytchett Minster & Upton', 'Dorset', 'town council\r\n'),
(510, 'Lytham St Annes', 'Lancashire', 'borough (1922?1974)\r\n'),
(511, 'Mablethorpe and Sutton', 'Lincolnshire', 'town council1\r\n'),
(512, 'Macclesfield', 'Cheshire', 'charter trustees\r\n'),
(513, 'Madeley', 'Shropshire', 'market charter\r\n'),
(514, 'Maghull', 'Merseyside', 'town council\r\n'),
(515, 'Maidenhead', 'Berkshire', 'borough (1835?1974)\r\n'),
(516, 'Maidstone', 'Kent', 'borough (1835?1974)\r\n'),
(517, 'Maldon', 'Essex', 'town council\r\n'),
(518, 'Malmesbury', 'Wiltshire', 'town council1\r\n'),
(519, 'Maltby', 'South Yorkshire', 'town council\r\n'),
(520, 'Malton', 'North Yorkshire', 'town council1\r\n'),
(521, 'Malvern', 'Worcestershire', 'town council\r\n'),
(522, 'Manningtree', 'Essex', 'town council\r\n'),
(523, 'Mansfield', 'Nottinghamshire', 'charter trustees\r\n'),
(524, 'Marazion', 'Cornwall', 'town council\r\n'),
(525, 'March', 'Cambridgeshire', 'town council1\r\n'),
(526, 'Margate', 'Kent', 'charter trustees\r\n'),
(527, 'Market Bosworth', 'Leicestershire', 'market charter\r\n'),
(528, 'Market Deeping', 'Lincolnshire', 'town council\r\n'),
(529, 'Market Drayton', 'Shropshire', 'town council\r\n'),
(530, 'Market Harborough', 'Leicestershire', 'market charter\r\n'),
(531, 'Market Rasen', 'Lincolnshire', 'town council1\r\n'),
(532, 'Market Weighton', 'East Riding of Yorkshire', 'town council\r\n'),
(533, 'Marlborough', 'Wiltshire', 'town council1\r\n'),
(534, 'Marlow', 'Buckinghamshire', 'town council1\r\n'),
(535, 'Maryport', 'Cumbria', 'town council1\r\n'),
(536, 'Masham', 'North Yorkshire', 'market charter\r\n'),
(537, 'Matlock', 'Derbyshire', 'town council\r\n'),
(538, 'Medlar-with-Wesham', 'Lancashire', 'town council\r\n'),
(539, 'Melksham', 'Wiltshire', 'town council1\r\n'),
(540, 'Meltham', 'West Yorkshire', 'town council1\r\n'),
(541, 'Melton Mowbray', 'Leicestershire', 'town council\r\n'),
(542, 'Mere', 'Wiltshire', 'town council\r\n'),
(543, 'Mexborough', 'South Yorkshire', 'market charter\r\n'),
(544, 'Middleham', 'North Yorkshire', 'town council\r\n'),
(545, 'Middlesbrough', 'North Yorkshire', 'borough (1853?1967)\r\n'),
(546, 'Middleton', 'Greater Manchester', 'borough (1886?1974)\r\n'),
(547, 'Middlewich', 'Cheshire', 'town council1\r\n'),
(548, 'Midhurst', 'West Sussex', 'town council\r\n'),
(549, 'Midsomer Norton', 'Somerset', 'market charter\r\n'),
(550, 'Mildenhall', 'Suffolk', 'market charter\r\n'),
(551, 'Millom', 'Cumbria', 'town council\r\n'),
(552, 'Minchinhampton', 'Gloucestershire', 'market charter\r\n'),
(553, 'Minehead', 'Somerset', 'town council\r\n'),
(554, 'Minster', 'Kent', 'market charter\r\n'),
(555, 'Mirfield', 'West Yorkshire', 'town council\r\n'),
(556, 'Mitcham', 'Greater London', 'borough (1934?1965)\r\n'),
(557, 'Mitcheldean', 'Gloucestershire', 'market charter\r\n'),
(558, 'Modbury', 'Devon', 'market charter\r\n'),
(559, 'Morecambe', 'Lancashire', 'town council\r\n'),
(560, 'Moretonhampstead', 'Devon', 'market charter\r\n'),
(561, 'Moreton-in-Marsh', 'Gloucestershire', 'town council\r\n'),
(562, 'Morley', 'West Yorkshire', 'town council\r\n'),
(563, 'Morpeth', 'Northumberland', 'borough (1835?1974)\r\n'),
(564, 'Mossley', 'Greater Manchester', 'town council\r\n'),
(565, 'Much Wenlock', 'Shropshire', 'town council\r\n'),
(566, 'Nailsea', 'Somerset', 'town council\r\n'),
(567, 'Nailsworth', 'Gloucestershire', 'town council1\r\n'),
(568, 'Nantwich', 'Cheshire', 'town council1\r\n'),
(569, 'Needham Market', 'Suffolk', 'town council\r\n'),
(570, 'Nelson', 'Lancashire', 'town council\r\n'),
(571, 'Neston', 'Cheshire', 'town council\r\n'),
(572, 'New Alresford', 'Hampshire', 'town council\r\n'),
(573, 'New Malden', 'Greater London', 'borough (with Coombe; 1936?1965)\r\n'),
(574, 'New Mills', 'Derbyshire', 'town council1\r\n'),
(575, 'New Milton', 'Hampshire', 'town council\r\n'),
(576, 'New Romney', 'Kent', 'town council1\r\n'),
(577, 'Newark-on-Trent', 'Nottinghamshire', 'town council\r\n'),
(578, 'Newbiggin-by-the-Sea', 'Northumberland', 'town council\r\n'),
(579, 'Newbury', 'Berkshire', 'town council\r\n'),
(580, 'Newcastle-under-Lyme', 'Staffordshire', 'borough (1835?1974)\r\n'),
(581, 'Newent', 'Gloucestershire', 'town council\r\n'),
(582, 'Newhaven', 'East Sussex', 'town council1\r\n'),
(583, 'Newlyn', 'Cornwall', 'market charter\r\n'),
(584, 'Newmarket', 'Suffolk', 'town council\r\n'),
(585, 'Newport', 'Isle of Wight', 'borough (1835?1974)\r\n'),
(586, 'Newport', 'Shropshire', 'town council1\r\n'),
(587, 'Newport Pagnell', 'Buckinghamshire', 'town council\r\n'),
(588, 'Newquay', 'Cornwall', 'town council\r\n'),
(589, 'Newton Abbot', 'Devon', 'town council1\r\n'),
(590, 'Newton Aycliffe', 'County Durham', 'town council\r\n'),
(591, 'Newton-le-Willows', 'Merseyside', 'market charter\r\n'),
(592, 'Normanton', 'West Yorkshire', 'town council1\r\n'),
(593, 'North Hykeham', 'Lincolnshire', 'town council\r\n'),
(594, 'North Petherton', 'Somerset', 'town council\r\n'),
(595, 'North Tawton', 'Devon', 'town council\r\n'),
(596, 'North Walsham', 'Norfolk', 'town council1\r\n'),
(597, 'Northallerton', 'North Yorkshire', 'town council1\r\n'),
(598, 'Northam', 'Devon', 'town council1\r\n'),
(599, 'Northampton', 'Northamptonshire', 'borough (1835?1974)\r\n'),
(600, 'Northfleet', 'Kent', 'market charter\r\n'),
(601, 'Northleach with Eastington', 'Gloucestershire', 'town council\r\n'),
(602, 'Northwich', 'Cheshire', 'town council1\r\n'),
(603, 'Norton-on-Derwent', 'North Yorkshire', 'town council1\r\n'),
(604, 'Nuneaton', 'Warwickshire', 'borough (1907?1974)\r\n'),
(605, 'Oakengates', 'Shropshire', 'town council\r\n'),
(606, 'Oakham', 'Rutland', 'town council1\r\n'),
(607, 'Okehampton', 'Devon', 'town council1\r\n'),
(608, 'Oldbury', 'West Midlands', 'borough (1935?1966)\r\n'),
(609, 'Oldham', 'Greater Manchester', 'borough (1849?1974)\r\n'),
(610, 'Ollerton and Boughton', 'Nottinghamshire', 'town council\r\n'),
(611, 'Olney', 'Buckinghamshire', 'town council\r\n'),
(612, 'Ongar', 'Essex', 'town council\r\n'),
(613, 'Orford', 'Suffolk', 'market charter\r\n'),
(614, 'Ormskirk', 'Lancashire', 'market charter\r\n'),
(615, 'Orpington', 'Greater London', 'Town\r\n'),
(616, 'Ossett', 'West Yorkshire', 'borough (1890?1974)\r\n'),
(617, 'Oswestry', 'Shropshire', 'town council\r\n'),
(618, 'Otley', 'West Yorkshire', 'town council1\r\n'),
(619, 'Ottery St Mary', 'Devon', 'town council1\r\n'),
(620, 'Oundle', 'Northamptonshire', 'town council1\r\n'),
(621, 'Paddock Wood', 'Kent', 'town council\r\n'),
(622, 'Padiham', 'Lancashire', 'town council\r\n'),
(623, 'Padstow', 'Cornwall', 'town council\r\n'),
(624, 'Paignton', 'Devon', 'market charter\r\n'),
(625, 'Painswick', 'Gloucestershire', 'market charter\r\n'),
(626, 'Partington', 'Greater Manchester', 'town council\r\n'),
(627, 'Patchway', 'Gloucestershire', 'town council\r\n'),
(628, 'Pateley Bridge', 'North Yorkshire', 'town council\r\n'),
(629, 'Peacehaven', 'East Sussex', 'town council\r\n'),
(630, 'Penistone', 'South Yorkshire', 'town council1\r\n'),
(631, 'Penkridge', 'Staffordshire', 'market charter\r\n'),
(632, 'Penrith', 'Cumbria', 'market charter\r\n'),
(633, 'Penryn', 'Cornwall', 'town council1\r\n'),
(634, 'Penwortham', 'Lancashire', 'town council\r\n'),
(635, 'Penzance', 'Cornwall', 'town council\r\n'),
(636, 'Pershore', 'Worcestershire', 'town council\r\n'),
(637, 'Peterlee', 'Durham', 'town council\r\n'),
(638, 'Petersfield', 'Hampshire', 'town council1\r\n'),
(639, 'Petworth', 'West Sussex', 'town council\r\n'),
(640, 'Pickering', 'North Yorkshire', 'town council1\r\n'),
(641, 'Plympton', 'Devon', 'market charter\r\n'),
(642, 'Pocklington', 'East Riding of Yorkshire', 'town council\r\n'),
(643, 'Polegate', 'East Sussex', 'town council\r\n'),
(644, 'Pontefract', 'West Yorkshire', 'borough (1835?1974)\r\n'),
(645, 'Ponteland', 'Northumberland', 'town council\r\n'),
(646, 'Poole', 'Dorset', 'borough (1835?1974)\r\n'),
(647, 'Porthleven', 'Cornwall', 'town council\r\n'),
(648, 'Portishead and North Weston', 'Somerset', 'town council1\r\n'),
(649, 'Portland', 'Dorset', 'town council1\r\n'),
(650, 'Potton', 'Bedfordshire', 'town council\r\n'),
(651, 'Poynton-with-Worth', 'Cheshire', 'town council\r\n'),
(652, 'Preesall', 'Lancashire', 'town council1\r\n'),
(653, 'Prescot', 'Merseyside', 'town council\r\n'),
(654, 'Princes Risborough', 'Buckinghamshire', 'town council\r\n'),
(655, 'Prudhoe', 'Northumberland', 'town council1\r\n'),
(656, 'Pudsey', 'West Yorkshire', 'borough (1900?1974)\r\n'),
(657, 'Purley', 'Greater London', 'town council\r\n'),
(658, 'Quedgeley', 'Gloucestershire', 'town council[3]\r\n'),
(659, 'Queenborough-in-Sheppey', 'Kent', 'charter trustees (abolished 1977)\r\n'),
(660, 'Radstock', 'Somerset', 'town council1\r\n'),
(661, 'Ramsey', 'Cambridgeshire', 'town council1\r\n'),
(662, 'Ramsgate', 'Kent', 'town council\r\n'),
(663, 'Raunds', 'Northamptonshire', 'town council1\r\n'),
(664, 'Rawtenstall', 'Lancashire', 'borough (1891?1974)\r\n'),
(665, 'Rayleigh', 'Essex', 'town council\r\n'),
(666, 'Reading', 'Berkshire', 'borough (1835?1974)\r\n'),
(667, 'Redcar', 'North Yorkshire', 'borough (1921?1967)\r\n'),
(668, 'Redditch', 'Worcestershire', 'town council\r\n'),
(669, 'Redhill', 'Surrey', '\r\n'),
(670, 'Redruth', 'Cornwall', 'town council\r\n'),
(671, 'Reepham', 'Norfolk', 'town council\r\n'),
(672, 'Reigate', 'Surrey', 'borough (1863?1974)\r\n'),
(673, 'Richmond', 'Greater London', 'borough (1890?1965)\r\n'),
(674, 'Richmond', 'North Yorkshire', 'town council1\r\n'),
(675, 'Ringwood', 'Hampshire', 'town council\r\n'),
(676, 'Ripley', 'Derbyshire', 'town council1\r\n'),
(677, 'Rochdale', 'Greater Manchester', 'borough (1856?1974)\r\n'),
(678, 'Rochester', 'Kent', 'borough (1835?1974)2\r\n'),
(679, 'Rochford', 'Essex', 'market charter\r\n'),
(680, 'Romford', 'Greater London', 'borough (1937?1965)\r\n'),
(681, 'Romsey', 'Hampshire', 'town council1\r\n'),
(682, 'Ross-on-Wye', 'Herefordshire', 'town council1\r\n'),
(683, 'Rothbury', 'Northumberland', 'market charter\r\n'),
(684, 'Rotherham', 'South Yorkshire', 'borough (1871?1974)\r\n'),
(685, 'Rothwell', 'Northamptonshire', 'town council1\r\n'),
(686, 'Rothwell', 'West Yorkshire', 'market charter\r\n'),
(687, 'Rowley Regis', 'West Midlands', 'borough (1933?1966)\r\n'),
(688, 'Royal Leamington Spa', 'Warwickshire', 'town council\r\n'),
(689, 'Royal Tunbridge Wells', 'Kent', 'borough (1888?1974)\r\n'),
(690, 'Royal Wootton Bassett', 'Wiltshire', 'town council\r\n'),
(691, 'Royston', 'Hertfordshire', 'town council1\r\n'),
(692, 'Rugby', 'Warwickshire', 'borough (1932?1974)\r\n'),
(693, 'Rugeley', 'Staffordshire', 'town council\r\n'),
(694, 'Rushden', 'Northamptonshire', 'town council\r\n'),
(695, 'Ryde', 'Isle of Wight', 'town council\r\n'),
(696, 'Rye', 'East Sussex', 'town council1\r\n'),
(697, 'Saffron Walden', 'Essex', 'town council1\r\n'),
(698, 'St Austell', 'Cornwall', 'town council\r\n'),
(699, 'St Blaise', 'Cornwall', 'town council\r\n'),
(700, 'St Columb Major', 'Cornwall', 'town council\r\n'),
(701, 'St Helens', 'Merseyside', 'borough (1868?1974)\r\n'),
(702, 'St Ives', 'Cambridgeshire', 'town council1\r\n'),
(703, 'St Ives', 'Cornwall', 'town council1\r\n'),
(704, 'St Just-in-Penwith', 'Cornwall', 'town council1\r\n'),
(705, 'St Mary Cray', 'Greater London', 'market charter\r\n'),
(706, 'St Mawes', 'Cornwall', 'market charter\r\n'),
(707, 'St Neots', 'Cambridgeshire', 'town council1\r\n'),
(708, 'Salcombe', 'Devon', 'town council1\r\n'),
(709, 'Sale', 'Greater Manchester', 'borough (1935?1974)\r\n'),
(710, 'Saltash', 'Cornwall', 'town council1\r\n'),
(711, 'Sandbach', 'Cheshire', 'town council1\r\n'),
(712, 'Sandhurst', 'Berkshire', 'town council\r\n'),
(713, 'Sandiacre', 'Derbyshire', 'market charter\r\n'),
(714, 'Sandown', 'Isle of Wight', 'town council\r\n'),
(715, 'Sandwich', 'Kent', 'town council1\r\n'),
(716, 'Sandy', 'Bedfordshire', 'town council1\r\n'),
(717, 'Sawbridgeworth', 'Hertfordshire', 'town council1\r\n'),
(718, 'Saxmundham', 'Suffolk', 'town council1\r\n'),
(719, 'Scarborough', 'North Yorkshire', 'borough (1835?1974)\r\n'),
(720, 'Scunthorpe', 'Lincolnshire', 'charter trustees\r\n'),
(721, 'Seaford', 'East Sussex', 'town council\r\n'),
(722, 'Seaham', 'Durham', 'town council\r\n'),
(723, 'Seaton', 'Devon', 'town council1\r\n'),
(724, 'Sedbergh', 'Cumbria', 'market charter\r\n'),
(725, 'Sedgefield', 'County Durham', 'town council\r\n'),
(726, 'Selby', 'North Yorkshire', 'town council1\r\n'),
(727, 'Selsey', 'West Sussex', 'town council\r\n'),
(728, 'Settle', 'North Yorkshire', 'town council\r\n'),
(729, 'Sevenoaks', 'Kent', 'town council1\r\n'),
(730, 'Shaftesbury', 'Dorset', 'town council1\r\n'),
(731, 'Shanklin', 'Isle of Wight', 'town council\r\n'),
(732, 'Shefford', 'Bedfordshire', 'town council\r\n'),
(733, 'Shepshed', 'Leicestershire', 'town council\r\n'),
(734, 'Shepton Mallet', 'Somerset', 'town council1\r\n'),
(735, 'Sherborne', 'Dorset', 'town council1\r\n'),
(736, 'Sheringham', 'Norfolk', 'town council1\r\n'),
(737, 'Shifnal', 'Shropshire', 'town council\r\n'),
(738, 'Shildon', 'Durham', 'town council1\r\n'),
(739, 'Shipston-on-Stour', 'Warwickshire', 'town council\r\n'),
(740, 'Shirebrook', 'Derbyshire', 'town council\r\n'),
(741, 'Shoreham-by-Sea', 'West Sussex', 'market charter\r\n'),
(742, 'Shrewsbury', 'Shropshire', 'town council\r\n'),
(743, 'Sidmouth', 'Devon', 'town council1\r\n'),
(744, 'Silloth', 'Cumbria', 'town council\r\n'),
(745, 'Silsden', 'West Yorkshire', 'town council1\r\n'),
(746, 'Sittingbourne', 'Kent', 'town council\r\n'),
(747, 'Skegness', 'Lincolnshire', 'town council1\r\n'),
(748, 'Skelmersdale', 'Lancashire', 'town council\r\n'),
(749, 'Skelton-in-Cleveland', 'North Yorkshire', 'market charter\r\n'),
(750, 'Skipton', 'North Yorkshire', 'town council1\r\n'),
(751, 'Sleaford', 'Lincolnshire', 'town council1\r\n'),
(752, 'Slough', 'Berkshire', 'borough (1838?1974)\r\n'),
(753, 'Smethwick', 'West Midlands', 'borough (1899?1966)\r\n'),
(754, 'Snaith and Cowick', 'East Riding of Yorkshire', 'town council\r\n'),
(755, 'Snodland', 'Kent', 'town council\r\n'),
(756, 'Soham', 'Cambridgeshire', 'town council\r\n'),
(757, 'Solihull', 'West Midlands', 'borough (1954?1974)\r\n'),
(758, 'Somerton', 'Somerset', 'town council\r\n'),
(759, 'South Brent', 'Devon', 'market charter\r\n'),
(760, 'South Cave', 'East Riding of Yorkshire', 'market charter\r\n'),
(761, 'South Elmsall', 'West Yorkshire', 'town council\r\n'),
(762, 'South Kirkby and Moorthorpe', 'West Yorkshire', 'town council\r\n'),
(763, 'South Molton', 'Devon', 'town council\r\n'),
(764, 'South Shields', 'Tyne and Wear', 'borough (1850?1974)\r\n'),
(765, 'South Woodham Ferrers', 'Essex', 'town council\r\n'),
(766, 'Southam', 'Warwickshire', 'town council\r\n'),
(767, 'Southall', 'Greater London', 'borough (1936?1965)\r\n'),
(768, 'Southborough', 'Kent', 'town council1\r\n'),
(769, 'Southend-on-Sea', 'Essex', 'borough (1892?1974)\r\n'),
(770, 'Southgate', 'Greater London', 'borough (1933?1965)\r\n'),
(771, 'Southminster', 'Essex', 'market charter\r\n'),
(772, 'Southport', 'Merseyside', 'borough (1866?1974)\r\n'),
(773, 'Southsea', 'Hampshire', 'town council\r\n'),
(774, 'Southwell', 'Nottinghamshire', 'town council\r\n'),
(775, 'Southwick', 'Hampshire', 'market charter\r\n'),
(776, 'Southwold', 'Suffolk', 'town council1\r\n'),
(777, 'Spalding', 'Lincolnshire', 'town council\r\n'),
(778, 'Spennymoor', 'Durham', 'town council1\r\n'),
(779, 'Spilsby', 'Lincolnshire', 'town council\r\n'),
(780, 'Sprowston', 'Norfolk', 'town council\r\n'),
(781, 'Stafford', 'Staffordshire', 'borough (1835?1974)\r\n'),
(782, 'Staines-upon-Thames', 'Surrey', 'market charter\r\n'),
(783, 'Stainforth', 'South Yorkshire', 'town council\r\n'),
(784, 'Stalbridge', 'Dorset', 'town council\r\n'),
(785, 'Stalham', 'Norfolk', 'market charter\r\n'),
(786, 'Stalybridge', 'Greater Manchester', 'borough (1857?1974)\r\n'),
(787, 'Stamford', 'Lincolnshire', 'town council1\r\n'),
(788, 'Stanley', 'Durham', 'town council\r\n'),
(789, 'Stanhope', 'Durham', 'market charter\r\n'),
(790, 'Stapleford', 'Nottinghamshire', 'town council\r\n'),
(791, 'Staveley', 'Derbyshire', 'town council1\r\n'),
(792, 'Stevenage', 'Hertfordshire', 'market charter\r\n'),
(793, 'Steyning', 'West Sussex', 'market charter\r\n'),
(794, 'Stockport', 'Greater Manchester', 'borough (1835?1974)\r\n'),
(795, 'Stocksbridge', 'South Yorkshire', 'town council1\r\n'),
(796, 'Stockton-on-Tees', 'Durham/North Yorkshire', 'borough (1835?1967)\r\n'),
(797, 'Stone', 'Staffordshire', 'town council1\r\n'),
(798, 'Stonehouse', 'Gloucestershire', 'town council\r\n'),
(799, 'Stony Stratford', 'Buckinghamshire', 'town council\r\n'),
(800, 'Stotfold', 'Bedfordshire', 'town council\r\n'),
(801, 'Stourbridge', 'West Midlands', 'borough (1914?1974)\r\n'),
(802, 'Stourport-on-Severn', 'Worcestershire', 'town council1\r\n'),
(803, 'Stowmarket', 'Suffolk', 'town council1\r\n'),
(804, 'Stow-on-the-Wold', 'Gloucestershire', 'town council\r\n'),
(805, 'Stratford-upon-Avon', 'Warwickshire', 'town council1\r\n'),
(806, 'Stretford', 'Greater Manchester', 'borough (1933?1974)\r\n'),
(807, 'Strood', 'Kent', 'market charter\r\n'),
(808, 'Stroud', 'Gloucestershire', 'town council\r\n'),
(809, 'Sturminster Newton', 'Dorset', 'town council\r\n'),
(810, 'Sudbury', 'Suffolk', 'town council1\r\n'),
(811, 'Surbiton', 'Greater London', 'borough (1936?1965)\r\n'),
(812, 'Sutton', 'Greater London', 'borough (with Cheam; 1934?1965)\r\n'),
(813, 'Sutton Coldfield', 'West Midlands', 'market charter\r\n'),
(814, 'Swaffham', 'Norfolk', 'town council1\r\n'),
(815, 'Swanage', 'Dorset', 'town council1\r\n'),
(816, 'Swanley', 'Kent', 'town council\r\n'),
(817, 'Swanscombe and Greenhithe', 'Kent', 'town council1\r\n'),
(818, 'Swindon', 'Wiltshire', 'borough (1900?1974)\r\n'),
(819, 'Syston', 'Leicestershire', 'town council\r\n'),
(820, 'Tadcaster', 'North Yorkshire', 'town council\r\n'),
(821, 'Tadley', 'Hampshire', 'town council\r\n'),
(822, 'Tamworth', 'Staffordshire', 'borough (1835?1974)\r\n'),
(823, 'Taunton', 'Somerset', 'borough (1885?1974)\r\n'),
(824, 'Tavistock', 'Devon', 'town council\r\n'),
(825, 'Teignmouth', 'Devon', 'town council1\r\n'),
(826, 'Telscombe', 'East Sussex', 'town council\r\n'),
(827, 'Tenbury Wells', 'Worcestershire', 'town council\r\n'),
(828, 'Tenterden', 'Kent', 'town council1\r\n'),
(829, 'Tetbury', 'Gloucestershire', 'town council\r\n'),
(830, 'Tewkesbury', 'Gloucestershire', 'town council1\r\n'),
(831, 'Thame', 'Oxfordshire', 'town council1\r\n'),
(832, 'Thatcham', 'Berkshire', 'town council\r\n'),
(833, 'Thaxted', 'Essex', 'market charter\r\n'),
(834, 'Thetford', 'Norfolk', 'town council1\r\n'),
(835, 'Thirsk', 'North Yorkshire', 'town council\r\n'),
(836, 'Thornaby-on-Tees', 'North Yorkshire', 'town council\r\n'),
(837, 'Thornbury', 'Gloucestershire', 'town council\r\n'),
(838, 'Thorne', 'South Yorkshire', 'town council\r\n'),
(839, 'Thorpe St Andrew', 'Norfolk', 'town council\r\n'),
(840, 'Thrapston', 'Northamptonshire', 'town council\r\n'),
(841, 'Tickhill', 'South Yorkshire', 'town council1\r\n'),
(842, 'Tidworth', 'Wiltshire', 'town council\r\n'),
(843, 'Tipton', 'West Midlands', 'borough (1938?1966)\r\n'),
(844, 'Tiverton', 'Devon', 'town council1\r\n'),
(845, 'Todmorden', 'West Yorkshire', 'town council1\r\n'),
(846, 'Tonbridge', 'Kent', 'market charter\r\n'),
(847, 'Topsham', 'Devon', 'market charter\r\n'),
(848, 'Torpoint', 'Cornwall', 'town council1\r\n'),
(849, 'Torquay', 'Devon', 'borough (1892?1974)\r\n'),
(850, 'Totnes', 'Devon', 'town council1\r\n'),
(851, 'Tottenham', 'Greater London', 'borough (1934?1965)\r\n'),
(852, 'Totton and Eling', 'Hampshire', 'town council\r\n'),
(853, 'Tow Law', 'Durham', 'town council1\r\n'),
(854, 'Towcester', 'Northamptonshire', 'town council\r\n'),
(855, 'Tring', 'Hertfordshire', 'town council1\r\n'),
(856, 'Trowbridge', 'Wiltshire', 'town council1\r\n'),
(857, 'Twickenham', 'Greater London', 'borough (1926?1965)\r\n'),
(858, 'Tynemouth', 'Tyne and Wear', 'borough (1849?1974)\r\n'),
(859, 'Uckfield', 'East Sussex', 'town council\r\n'),
(860, 'Ulverston', 'Cumbria', 'town council1\r\n'),
(861, 'Uppingham', 'Rutland', 'town council\r\n'),
(862, 'Upton-upon-Severn', 'Worcestershire', 'town council\r\n'),
(863, 'Uttoxeter', 'Staffordshire', 'town council1\r\n'),
(864, 'Uxbridge', 'Greater London', 'borough (1955?1965)\r\n'),
(865, 'Ventnor', 'Isle of Wight', 'town council1\r\n'),
(866, 'Verwood', 'Dorset', 'town council\r\n'),
(867, 'Wadebridge', 'Cornwall', 'town council\r\n'),
(868, 'Wadhurst', 'East Sussex', 'market charter\r\n'),
(869, 'Wainfleet All Saints', 'Lincolnshire', 'town council\r\n'),
(870, 'Wallasey', 'Merseyside', 'borough (1910?1974)\r\n'),
(871, 'Wallingford', 'Oxfordshire', 'town council1\r\n'),
(872, 'Wallington', 'Greater London', 'borough (with Beddington; 1937?1965)\r\n'),
(873, 'Wallsend', 'Tyne and Wear', 'borough (1901?1974)\r\n'),
(874, 'Walsall', 'West Midlands', 'borough (1835?1974)\r\n'),
(875, 'Waltham Abbey', 'Essex', 'town council1\r\n'),
(876, 'Waltham Cross', 'Hertfordshire', 'market charter\r\n'),
(877, 'Walthamstow', 'Greater London', 'borough (1926?1965)\r\n'),
(878, 'Walton-on-Thames', 'Surrey', 'market charter\r\n'),
(879, 'Wantage', 'Oxfordshire', 'town council1\r\n'),
(880, 'Ware', 'Hertfordshire', 'town council1\r\n'),
(881, 'Wareham', 'Dorset', 'town council1\r\n'),
(882, 'Warminster', 'Wiltshire', 'town council1\r\n'),
(883, 'Warrington', 'Cheshire', 'borough (1847?1974)\r\n'),
(884, 'Warwick', 'Warwickshire', 'town council1\r\n'),
(885, 'Watchet', 'Somerset', 'town council1\r\n'),
(886, 'Watford', 'Hertfordshire', 'borough (1922?1974)\r\n'),
(887, 'Wath-upon-Dearne', 'South Yorkshire', 'market charter\r\n'),
(888, 'Watlington', 'Oxfordshire', 'market charter\r\n'),
(889, 'Watton', 'Norfolk', 'town council\r\n'),
(890, 'Wellingborough', 'Northamptonshire', 'market charter\r\n'),
(891, 'Wednesbury', 'West Midlands', 'borough (1886 - 1966)\r\n'),
(892, 'Wellington', 'Shropshire', 'town council\r\n'),
(893, 'Wellington', 'Somerset', 'town council1\r\n'),
(894, 'Wells-next-the-Sea', 'Norfolk', 'town council1\r\n'),
(895, 'Wem', 'Shropshire', 'town council\r\n'),
(896, 'Wembley', 'Greater London', 'borough (1937?1965)\r\n'),
(897, 'Wendover', 'Buckinghamshire', 'market charter\r\n'),
(898, 'West Bedlington', 'Northumberland', 'town council\r\n'),
(899, 'West Bromwich', 'West Midlands', 'borough (1882?1974)\r\n'),
(900, 'West Ham', 'Greater London', 'borough (1886?1965)\r\n'),
(901, 'West Malling', 'Kent', 'market charter\r\n'),
(902, 'West Mersea', 'Essex', 'town council1\r\n'),
(903, 'West Tilbury', 'Essex', 'market charter\r\n'),
(904, 'Westbury', 'Wiltshire', 'town council1\r\n'),
(905, 'Westerham', 'Kent', 'market charter\r\n'),
(906, 'Westhoughton', 'Greater Manchester', 'town council\r\n');
INSERT INTO `towntype` (`ID`, `name`, `county`, `status`) VALUES
(907, 'Weston-super-Mare', 'Somerset', 'town council\r\n'),
(908, 'Wetherby', 'West Yorkshire', 'town council\r\n'),
(909, 'Weybridge', 'Surrey', 'market charter\r\n'),
(910, 'Weymouth', 'Dorset', 'town council\r\n'),
(911, 'Whaley Bridge', 'Derbyshire', 'town council1\r\n'),
(912, 'Whitby', 'North Yorkshire', 'town council1\r\n'),
(913, 'Whitchurch', 'Hampshire', 'town council\r\n'),
(914, 'Whitchurch', 'Shropshire', 'town council\r\n'),
(915, 'Whitehaven', 'Cumbria', 'borough (1894?1974)\r\n'),
(916, 'Whitehill', 'Hampshire', 'town council\r\n'),
(917, 'Whitnash', 'Warwickshire', 'town council\r\n'),
(918, 'Whittlesey', 'Cambridgeshire', 'town council\r\n'),
(919, 'Whitworth', 'Lancashire', 'town council1\r\n'),
(920, 'Wickham', 'Hampshire', 'market charter\r\n'),
(921, 'Wickwar', 'Gloucestershire', 'market charter\r\n'),
(922, 'Widnes', 'Cheshire', 'borough (1892?1974)\r\n'),
(923, 'Wigan', 'Greater Manchester', 'borough (1835?1974)\r\n'),
(924, 'Wigton', 'Cumbria', 'town council\r\n'),
(925, 'Willenhall', 'West Midlands', 'market charter\r\n'),
(926, 'Willesden', 'Greater London', 'borough (1933?1965)\r\n'),
(927, 'Wilton', 'Wiltshire', 'town council1\r\n'),
(928, 'Wilmslow', 'Cheshire', 'town council\r\n'),
(929, 'Wimbledon', 'Greater London', 'borough (1905?1965)\r\n'),
(930, 'Wimborne Minster', 'Dorset', 'town council1\r\n'),
(931, 'Wincanton', 'Somerset', 'town council\r\n'),
(932, 'Winchcombe', 'Gloucestershire', 'town council\r\n'),
(933, 'Winchelsea', 'East Sussex', 'market charter\r\n'),
(934, 'Windermere', 'Cumbria', 'town council1\r\n'),
(935, 'Windsor', 'Berkshire', 'borough (1835?1974)\r\n'),
(936, 'Winsford', 'Cheshire', 'town council1\r\n'),
(937, 'Winslow', 'Buckinghamshire', 'town council\r\n'),
(938, 'Winterton', 'Lincolnshire', 'town council\r\n'),
(939, 'Wirksworth', 'Derbyshire', 'town council1\r\n'),
(940, 'Wisbech', 'Cambridgeshire', 'town council1\r\n'),
(941, 'Witham', 'Essex', 'town council\r\n'),
(942, 'Withernsea', 'East Riding of Yorkshire', 'town council\r\n'),
(943, 'Witney', 'Oxfordshire', 'town council1\r\n'),
(944, 'Wiveliscombe', 'Somerset', 'town council\r\n'),
(945, 'Wivenhoe', 'Essex', 'town council1\r\n'),
(946, 'Woburn', 'Bedfordshire', 'market charter\r\n'),
(947, 'Woburn Sands', 'Buckinghamshire', 'town council\r\n'),
(948, 'Woking', 'Surrey', 'market charter\r\n'),
(949, 'Wokingham', 'Berkshire', 'town council1\r\n'),
(950, 'Wolsingham', 'Durham', 'market charter\r\n'),
(951, 'Wolverton and Greenleys', 'Buckinghamshire', 'town council\r\n'),
(952, 'Wood Green', 'Greater London', 'borough (1933?1965)\r\n'),
(953, 'Woodford', 'Greater London', 'borough (with Wanstead; 1937?1965)\r\n'),
(954, 'Woodbridge', 'Suffolk', 'town council1\r\n'),
(955, 'Woodley', 'Berkshire', 'town council\r\n'),
(956, 'Woodstock', 'Oxfordshire', 'town council1\r\n'),
(957, 'Wooler', 'Northumberland', 'market charter\r\n'),
(958, 'Workington', 'Cumbria', 'town council\r\n'),
(959, 'Worksop', 'Nottinghamshire', 'charter trustees\r\n'),
(960, 'Worthing', 'West Sussex', 'borough (1890?1974)\r\n'),
(961, 'Wotton-under-Edge', 'Gloucestershire', 'town council\r\n'),
(962, 'Wragby', 'Lincolnshire', 'town council\r\n'),
(963, 'Wymondham', 'Norfolk', 'town council1\r\n'),
(964, 'Yarm', 'North Yorkshire', 'town council\r\n'),
(965, 'Yarmouth', 'Isle of Wight', 'town council\r\n'),
(966, 'Yate', 'Gloucestershire', 'town council\r\n'),
(967, 'Yateley', 'Hampshire', 'town council\r\n'),
(968, 'Yeovil', 'Somerset', 'town council\r\n'),
(969, 'Basildon', 'Essex', 'new town (designated 1949)\r\n'),
(970, 'Bracknell', 'Berkshire', 'new town (designated 1949)\r\n'),
(971, 'Milton Keynes', 'Buckinghamshire', 'new town (designated 1967)\r\n'),
(972, 'Redditch', 'Worcestershire', 'new town (designated 1964)\r\n'),
(973, 'Runcorn', 'Cheshire', 'new town (designated 1964)\r\n'),
(974, 'Telford', 'Shropshire', 'new town (designated 1968)\r\n'),
(975, 'Washington', 'Tyne and Wear', 'new town (designated 1964)\r\n'),
(976, 'Welwyn Garden City', 'Hertfordshire', 'new town (designated 1948)\r\n');

--
-- Indexes for dumped tables
--

--
-- Indexes for table `producttype`
--
ALTER TABLE `producttype`
  ADD PRIMARY KEY (`productID`);

--
-- Indexes for table `towntype`
--
ALTER TABLE `towntype`
  ADD PRIMARY KEY (`ID`);

--
-- AUTO_INCREMENT for dumped tables
--

--
-- AUTO_INCREMENT for table `producttype`
--
ALTER TABLE `producttype`
  MODIFY `productID` int(11) NOT NULL AUTO_INCREMENT, AUTO_INCREMENT=19;

--
-- AUTO_INCREMENT for table `towntype`
--
ALTER TABLE `towntype`
  MODIFY `ID` int(11) NOT NULL AUTO_INCREMENT, AUTO_INCREMENT=1928;
COMMIT;

/*!40101 SET CHARACTER_SET_CLIENT=@OLD_CHARACTER_SET_CLIENT */;
/*!40101 SET CHARACTER_SET_RESULTS=@OLD_CHARACTER_SET_RESULTS */;
/*!40101 SET COLLATION_CONNECTION=@OLD_COLLATION_CONNECTION */;
